<?xml version="1.0" encoding="UTF-8"?>
<!-- generated by: Y. C. Lee -->
<config randomSeed="2000"> 
  <servers failureFile="ds-sample-config05-failures.txt">
	<server type="tiny" limit="20" bootupTime="60" hourlyRate="0.1" cores="1" memory="1000" disk="4000" />
	<server type="small" limit="20" bootupTime="60" hourlyRate="0.2" cores="2" memory="4000" disk="16000" />
	<server type="medium" limit="20" bootupTime="60" hourlyRate="0.4" cores="4" memory="16000" disk="64000" />
	<server type="large" limit="20" bootupTime="60" hourlyRate="0.8" cores="8" memory="32000" disk="256000" />
	<server type="xlarge" limit="20" bootupTime="60" hourlyRate="1.6" cores="16" memory="64000" disk="512000" />
  </servers>
  <jobs file="ds-sample-config05-jobs.xml"/>
</config>
