<?xml version="1.0" encoding="UTF-8"?>
<!-- generated by: Y. C. Lee -->
<config randomSeed="1024">   
  <servers>
	<server type="small" limit="16" bootupTime="30" hourlyRate="0.2" cores="2" memory="4000" disk="32000" />
	<server type="super" limit="2" bootupTime="90" hourlyRate="1.6" cores="16" memory="32000" disk="256000" />
	<server type="ultrasuper" limit="2" bootupTime="90" hourlyRate="1.6" cores="16" memory="64000" disk="512000" />
	<server type="medium" limit="8" bootupTime="30" hourlyRate="0.4" cores="4" memory="8000" disk="64000" />
	<server type="large" limit="4" bootupTime="30" hourlyRate="0.8" cores="8" memory="16000" disk="128000" />
  </servers>
  <jobs>
	<job type="short" minRunTime="10" maxRunTime="120" populationRate="20" />
	<job type="medium" minRunTime="121" maxRunTime="300" populationRate="30" />
	<job type="long" minRunTime="301" maxRunTime="600" populationRate="30" />
	<job type="xlong" minRunTime="601" maxRunTime="3600" populationRate="20" />
  </jobs>
  <workload type="unknown" minLoad="1" maxLoad="99" />
  <termination>
	<condition type="endtime" value="100000" />
	<condition type="jobcount" value="50" />
  </termination>
</config>