<?xml version="1.0" encoding="UTF-8"?>
<!-- generated by: Y. C. Lee -->
<config randomSeed="202102">   
  <servers>
	<server type="tiny" limit="100" bootupTime="60" hourlyRate="0.1" cores="1" memory="2000" disk="8000" />
	<server type="small" limit="100" bootupTime="60" hourlyRate="0.2" cores="2" memory="4000" disk="16000" />
	<server type="medium" limit="100" bootupTime="60" hourlyRate="0.4" cores="4" memory="8000" disk="32000" />
	<server type="16xlarge" limit="10" bootupTime="120" hourlyRate="25.6" cores="256" memory="512000" disk="4096000" />
	<server type="large" limit="40" bootupTime="80" hourlyRate="0.8" cores="8" memory="16000" disk="64000" />
	<server type="xlarge" limit="40" bootupTime="80" hourlyRate="1.6" cores="16" memory="32000" disk="128000" />
	<server type="2xlarge" limit="20" bootupTime="100" hourlyRate="3.2" cores="32" memory="64000" disk="256000" />
	<server type="4xlarge" limit="20" bootupTime="100" hourlyRate="6.4" cores="64" memory="128000" disk="512000" />
	<server type="8xlarge" limit="20" bootupTime="120" hourlyRate="12.8" cores="128" memory="256000" disk="1024000" />
  </servers>
   <jobs>
	<job type="instant" minRunTime="1" maxRunTime="20" populationRate="10" />
	<job type="short" minRunTime="60" maxRunTime="1800" populationRate="30" />
	<job type="medium" minRunTime="3600" maxRunTime="10800" populationRate="30" />
	<job type="long" minRunTime="18000" maxRunTime="604800" populationRate="30" />
  </jobs>
  <workload type="overloaded" minLoad="80" maxLoad="100" />
  <termination>
	<condition type="endtime" value="2592000" />
	<condition type="jobcount" value="3000" />
  </termination>
</config>